population,n_responder,n_nonresponder,median_responder,median_nonresponder,mean_responder,mean_nonresponder,mean_difference,median_difference,rank_biserial,t_stat,t_p_raw,t_p_bh,mwu_stat,mwu_p_raw,mwu_p_bh,significant_primary,significant_high_confidence
b_cell,331,325,9.785034652883825,9.758175376096345,10.086767747723288,9.774166120812726,0.3126016269105616,0.026859276787480013,0.02707878224494542,1.2505906465552112,0.21153737727963615,0.8447276380250429,55244.0,0.5485408675112389,0.8853281081905569,False,False
cd8_t_cell,331,325,24.395687610848725,24.60102813964531,24.817742757346927,25.000818276940446,-0.18307551959351898,-0.2053405287965866,-0.02945851731350224,-0.49689496353051854,0.6194340047717293,0.8750971044179123,52203.0,0.5139556861462278,0.8853281081905569,False,False
cd4_t_cell,331,325,29.633821633005223,29.53053511040382,29.975027176680108,29.83039667565862,0.14463050102148856,0.10328652260140103,0.011647687659772199,0.3740391272200862,0.7084989426566358,0.8750971044179123,54414.0,0.7964495929763914,0.8853281081905569,False,False
nk_cell,331,325,14.997332404211535,14.890453979521675,15.219501327298259,15.171309323385437,0.0481920039128223,0.1068784246898602,-0.006516383918196644,0.15725108268052848,0.8750971044179123,0.8750971044179123,53437.0,0.8853281081905569,0.8853281081905569,False,False
monocyte,331,325,19.6055804178746,20.28600218682332,19.90096099095142,20.223309603202775,-0.322348612251357,-0.6804217689487224,-0.05639786195677432,-0.9590690686145373,0.33789105521001717,0.8447276380250429,50754.0,0.21138928177193006,0.8853281081905569,False,False
